catboost_weight,lightgbm_weight,xgboost_weight,f1_default_0_5,roc_auc,weighted_score
0.35000000000000003,0.6499999999999999,0.0,0.8101445840246504,0.8154728751500787,0.8122759004748217
0.35000000000000003,0.5524999999999999,0.09750000000000003,0.8106060606060606,0.8146931993511888,0.8122409161041119
0.30000000000000004,0.6649999999999999,0.03500000000000003,0.8097722960151803,0.8152986260547738,0.8119828280310177
0.30000000000000004,0.7,0.0,0.8093994778067886,0.8155386630738163,0.8118551519135997
0.55,0.44999999999999996,0.0,0.8100545411429927,0.8145527332437492,0.8118538179832953
0.55,0.40499999999999997,0.044999999999999984,0.8102466793168881,0.8141006635245525,0.8117882729999538
0.35000000000000003,0.6174999999999999,0.03249999999999997,0.8094899169632266,0.8151919429351994,0.8117707273520157
0.4,0.6,0.0,0.8092868988391376,0.8152772894308589,0.811683055075826
0.35000000000000003,0.5199999999999999,0.13,0.8097722960151803,0.8144411604811942,0.8116398418015858
0.55,0.4275,0.022499999999999964,0.8097722960151803,0.8143318102836304,0.8115961017225604
0.6000000000000001,0.3999999999999999,0.0,0.8097722960151803,0.8142029015141445,0.8115445382147659
0.15000000000000002,0.7224999999999999,0.12750000000000006,0.8092293054234063,0.8148341099716268,0.8114712272426945
0.2,0.64,0.16000000000000003,0.8093994778067886,0.8145180612298875,0.8114469111760281
0.55,0.36,0.08999999999999997,0.8098741989081415,0.8136223675384604,0.8113734663602691
0.35000000000000003,0.5849999999999999,0.06500000000000006,0.8090047393364929,0.8149176784152933,0.811369914968013
0.65,0.35,0.0,0.8096820123398196,0.8138192867966749,0.8113369221225617
0.55,0.3825,0.06749999999999995,0.8095916429249762,0.8138784070254389,0.8113063485651613
0.5,0.45,0.04999999999999999,0.8091964920597298,0.8143322547966286,0.8112507971544893
0.30000000000000004,0.595,0.10499999999999998,0.8088235294117647,0.8147745452298644,0.8112039357390046
0.25,0.6,0.15000000000000002,0.8089247567054355,0.8145318411328324,0.8111675904763942
0.25,0.6375,0.11250000000000004,0.8087327954437589,0.8148145513997047,0.8111654978261371
0.2,0.6,0.20000000000000007,0.8091276444021869,0.8142180149560843,0.8111637926237458
0.15000000000000002,0.6375,0.21250000000000002,0.8091276444021869,0.8141797868382368,0.8111485013766069
0.1,0.72,0.18000000000000005,0.80893536121673,0.8144482726891659,0.8111405258057044
0.5,0.4,0.09999999999999998,0.8092979127134725,0.8138615155315063,0.8111233538406861
0.4,0.57,0.030000000000000027,0.8085308056872038,0.8150083590669317,0.811121827039095
0.65,0.33249999999999996,0.017500000000000016,0.8093994778067886,0.813656595039324,0.8111023246998027
0.5,0.42500000000000004,0.07499999999999996,0.8091059995257291,0.814081993978627,0.8110963973068883
0.30000000000000004,0.6299999999999999,0.07000000000000006,0.8084400189663348,0.8150199164048856,0.811071977941755
0.25,0.7125,0.03749999999999998,0.8081671415004749,0.8154030866093571,0.8110615195440278
0.25,0.6749999999999999,0.07500000000000007,0.8083590596057944,0.8151105970565238,0.8110596745860861
0.15000000000000002,0.6799999999999999,0.17000000000000004,0.8087535680304472,0.8145162831778946,0.8110586540894261
0.4,0.54,0.05999999999999994,0.8085308056872038,0.8147892141588058,0.8110341690758447
0.65,0.31499999999999995,0.03500000000000003,0.8093994778067886,0.8134494519821501,0.8110194674769331
0.5,0.47500000000000003,0.024999999999999967,0.8086317287170974,0.8145780704846481,0.8110102654241178
0.15000000000000002,0.7649999999999999,0.08500000000000008,0.8081865778200856,0.8151750514412668,0.8109819672685581
0.6000000000000001,0.33999999999999997,0.05999999999999994,0.8092074038917892,0.8135730265956571,0.8109536529733363
0.2,0.68,0.12,0.8083689966714218,0.8148212190946781,0.8109498856407242
0.15000000000000002,0.595,0.255,0.8089566460219152,0.8138788515384372,0.8109255282285239
0.7000000000000001,0.29999999999999993,0.0,0.8092183416488478,0.8133654390254852,0.8108771805995028
0.30000000000000004,0.5599999999999999,0.14,0.8084400189663348,0.8145025032749494,0.8108650126897806
0.6000000000000001,0.35999999999999993,0.03999999999999998,0.8089247567054355,0.8137739464708558,0.8108644326116037
0.2,0.72,0.08000000000000007,0.8079847908745247,0.8151510477393624,0.8108512936204598
0.4,0.51,0.08999999999999997,0.8083491461100569,0.8145193947688821,0.810817245573587
0.5,0.5,0.0,0.8081574579084657,0.8147856580548201,0.8108087379670075
0.6000000000000001,0.37999999999999995,0.019999999999999962,0.808641975308642,0.8140348756008149,0.8107991354255111
0.5,0.375,0.125,0.8089247567054355,0.8135970302975614,0.8107936661422859
0.7000000000000001,0.2849999999999999,0.015000000000000013,0.8090261282660333,0.8132151936320846,0.8107017544124538
0.05,0.665,0.2849999999999999,0.8086522462562395,0.8136885999751962,0.8106667877438223
0.25,0.5625,0.1875,0.8082679971489665,0.8142317948590294,0.8106535162329916
0.7000000000000001,0.2699999999999999,0.030000000000000027,0.8090261282660333,0.8130578360307124,0.810638811371905
0.45,0.44000000000000006,0.10999999999999999,0.8083491461100569,0.8140170950808858,0.8106163256983885
0.1,0.6749999999999999,0.2250000000000001,0.8082778306374881,0.8140908842385913,0.8106030520779294
0.1,0.63,0.27,0.8084701403759219,0.8137961721207669,0.8106005530738599
0.45,0.49500000000000005,0.05499999999999999,0.8079658605974396,0.814550510678758,0.810599720629967
0.2,0.56,0.24,0.8083789573910973,0.813925080890253,0.8105974067907595
0.1,0.765,0.135,0.807802093244529,0.8147887696458075,0.8105967638050404
0.05,0.76,0.18999999999999995,0.8080856123662307,0.8143078065817261,0.8105744900524288
0.5,0.35000000000000003,0.14999999999999997,0.8087327954437589,0.8133298779856272,0.8105716284605062
0.15000000000000002,0.5525,0.2975,0.8085816448152563,0.8135179069838772,0.8105561496827046
0.65,0.2975,0.05249999999999999,0.8087327954437589,0.8132329741520136,0.8105328669270607
0.6000000000000001,0.31999999999999995,0.07999999999999996,0.8086317287170974,0.8133543262005296,0.8105207677104703
0.05,0.7125,0.23749999999999993,0.8081865778200856,0.813974421833056,0.8105017154252738
0.4,0.48,0.12,0.8079753145027296,0.8142806912888343,0.8104974652171715
0.05,0.6175,0.3324999999999999,0.8085612366230678,0.8132680906788736,0.81044397824539
0.35000000000000003,0.48749999999999993,0.16249999999999998,0.8079847908745247,0.814129112356439,0.8104425194672904
0.45,0.55,0.0,0.8073003081298886,0.8150861488416213,0.8104146444145817
0.65,0.27999999999999997,0.07,0.808641975308642,0.813043611614769,0.8104026298310928
0.4,0.44999999999999996,0.15000000000000002,0.8079753145027296,0.8139917578399868,0.8103818918376325
0.0,0.75,0.25,0.8080952380952381,0.813776613548845,0.8103677882766809
0.30000000000000004,0.5249999999999999,0.17500000000000004,0.8077928248990259,0.8141735636562617,0.8103451204019203
0.1,0.585,0.31500000000000006,0.8082876875446535,0.8134183360722742,0.8103399469557018
0.25,0.75,0.0,0.8067506536724507,0.8156604596353304,0.8103145760576026
0.55,0.33749999999999997,0.11249999999999999,0.8082581869957285,0.813364994512487,0.8103009100024319
0.25,0.525,0.22499999999999998,0.8079028802666032,0.8138775179994426,0.8102927353597389
0.45,0.5225000000000001,0.02749999999999997,0.8072089162912023,0.8148256642246604,0.8102556154645855
0.75,0.25,0.0,0.8084600760456274,0.8128755857014393,0.8102262799079522
0.2,0.76,0.040000000000000036,0.8066587395957194,0.8154728751500787,0.8101843938174631
0.7000000000000001,0.25499999999999995,0.044999999999999984,0.8083689966714218,0.8128715850844553,0.8101700320366352
0.45,0.4675000000000001,0.08249999999999996,0.8074003795066413,0.8143011388867528,0.8101606832586858
0.0,0.8,0.19999999999999996,0.8075273939971415,0.8141091092715188,0.8101600801068924
0.45,0.41250000000000003,0.1375,0.8076923076923077,0.8138272880306429,0.8101462998276419
0.05,0.8075,0.14249999999999996,0.8071428571428572,0.8146487480513662,0.8101452135062608
0.0,0.7000000000000001,0.29999999999999993,0.807802093244529,0.8134552306511271,0.8100633482071683
0.45,0.38500000000000006,0.16499999999999998,0.8076923076923077,0.8135863619856041,0.8100499294096263
0.55,0.315,0.13499999999999995,0.8079753145027296,0.8131391819093878,0.8100408614653929
0.1,0.8099999999999999,0.09000000000000008,0.806574559313959,0.8151283775764528,0.8099960866189566
0.75,0.23750000000000002,0.012499999999999983,0.8080856123662307,0.8127328970290084,0.8099445262313418
0.75,0.225,0.024999999999999994,0.8080856123662307,0.8126053217985173,0.8098934961391453
0.6000000000000001,0.29999999999999993,0.09999999999999998,0.8076923076923077,0.8131422935003754,0.8098723020155347
0.25,0.4875,0.2625,0.8073350797809002,0.8135854729596076,0.8098352370523831
0.30000000000000004,0.48999999999999994,0.21000000000000002,0.8071343638525564,0.8138864082594071,0.8098351816152967
0.7000000000000001,0.23999999999999994,0.06,0.8078934854969092,0.8127155610220775,0.8098223157069766
0.8,0.18999999999999997,0.009999999999999981,0.8081865778200856,0.8121670319822658,0.8097787594849577
0.15000000000000002,0.8074999999999999,0.04250000000000009,0.8059985717686265,0.8154150884603093,0.8097651784452997
0.4,0.42,0.18,0.807125890736342,0.8137161597810862,0.8097619983542397
0.35000000000000003,0.4549999999999999,0.195,0.8070342205323194,0.8138366228036057,0.8097551814408339
0.0,0.65,0.35,0.807518439210088,0.8130573915177141,0.8097340201331384
0.8,0.19999999999999996,0.0,0.807994289793005,0.8122808273098118,0.8097089047997277
0.30000000000000004,0.45499999999999996,0.245,0.807042588627171,0.8136219230254621,0.8096743223864875
0.45,0.35750000000000004,0.1925,0.8072174738841406,0.8132849821728061,0.8096444771996067
0.15000000000000002,0.51,0.33999999999999997,0.8073438245112065,0.8130929525575721,0.8096434757297527
0.5,0.325,0.175,0.8073089700996677,0.8130796171676253,0.8096172289268508
0.6000000000000001,0.27999999999999997,0.11999999999999994,0.8074091664687723,0.8129164808972761,0.8096120922401737
0.4,0.39,0.20999999999999996,0.8070342205323194,0.8134663434760827,0.8096070697098248
0.35000000000000003,0.42249999999999993,0.22749999999999998,0.806942463147884,0.81354724484176,0.8095843758254344
0.75,0.21250000000000002,0.03749999999999998,0.8076099881093936,0.8124728569250457,0.8095551356356544
0.8,0.16999999999999998,0.02999999999999997,0.8079028802666032,0.8119518876911239,0.8095224832364114
0.5,0.30000000000000004,0.19999999999999996,0.8073089700996677,0.8128382466095883,0.8095206807036359
0.05,0.5700000000000001,0.3799999999999999,0.8072346501665874,0.8128960332993578,0.8094992034196955
0.75,0.2,0.04999999999999999,0.8076099881093936,0.812318610914661,0.8094934372315006
0.7000000000000001,0.22499999999999995,0.07499999999999998,0.8074179743223966,0.8125728723496468,0.8094799335332967
0.0,0.6000000000000001,0.3999999999999999,0.8073350797809002,0.8126880012161875,0.8094762483550151
0.7000000000000001,0.16499999999999995,0.13499999999999998,0.807802093244529,0.8118709863254467,0.8094296504768961
0.8,0.17999999999999997,0.01999999999999999,0.8076190476190476,0.8120514586027268,0.8093920120125193
0.45,0.30250000000000005,0.2475,0.8071343638525564,0.8127453433929588,0.8093787556687173
0.7000000000000001,0.20999999999999994,0.09,0.80732635585157,0.8124288501382214,0.8093673535662306
0.65,0.26249999999999996,0.08750000000000002,0.8070342205323194,0.8128591387205049,0.8093641878075937
0.8,0.13999999999999999,0.05999999999999997,0.807802093244529,0.8116487298263333,0.8093407478772507
0.2,0.52,0.28,0.8064900978286805,0.813570804030666,0.8093223803094747
0.55,0.2925,0.15749999999999997,0.8069342199002613,0.8128955887863594,0.8093187674547004
0.6000000000000001,0.21999999999999997,0.17999999999999994,0.80732635585157,0.8122790492578189,0.8093074332140695
0.75,0.1875,0.0625,0.80732635585157,0.81219103568417,0.8092722277846099
0.5,0.275,0.22499999999999998,0.8070342205323194,0.8126177681624678,0.8092676395843788
0.25,0.4125,0.3375,0.8068751492002865,0.8128293563496237,0.8092568320600213
0.65,0.24499999999999997,0.10500000000000001,0.806942463147884,0.8126835560862051,0.8092389003232124
0.75,0.125,0.125,0.807802093244529,0.8113878006963742,0.8092363762252671
0.0,0.8500000000000001,0.1499999999999999,0.8057142857142857,0.814515394151898,0.8092347290893307
0.35000000000000003,0.35749999999999993,0.2925,0.8067586863398382,0.8129178144362709,0.8092223375784112
0.05,0.855,0.09499999999999997,0.8053371455801763,0.8149687974100894,0.8091898063121415
0.65,0.22749999999999998,0.1225,0.806942463147884,0.8125333106928045,0.8091788021658521
0.8,0.14999999999999997,0.04999999999999999,0.807426803142109,0.8117647477188704,0.8091619809728137
0.75,0.15000000000000002,0.09999999999999998,0.8074179743223966,0.811730520218007,0.8091429926806407
0.30000000000000004,0.41999999999999993,0.28,0.806382472017147,0.8132391973339888,0.8091251621438837
0.9,0.04499999999999999,0.054999999999999986,0.8081963307124136,0.8105183332718424,0.8091251317361852
0.25,0.44999999999999996,0.30000000000000004,0.8063900810681927,0.8132143046060881,0.8091197704833508
0.8500000000000001,0.12749999999999992,0.022499999999999992,0.807518439210088,0.8115078192058953,0.809114191208411
0.75,0.17500000000000002,0.07499999999999998,0.8071343638525564,0.8120354561347906,0.8090948007654502
0.2,0.8,0.0,0.8046633357125863,0.8157191353510963,0.8090856555679903
0.1,0.54,0.36,0.8064823641563393,0.8129880474899908,0.8090846374898
0.45,0.33000000000000007,0.21999999999999997,0.8064592733317502,0.8130133847308896,0.8090809178914059
0.75,0.1375,0.11249999999999999,0.8074179743223966,0.8115633833306737,0.8090761379257074
0.05,0.5225,0.4275,0.8068669527896996,0.812383065299404,0.8090733977935813
0.9,0.05499999999999999,0.044999999999999984,0.8080038113387328,0.8106654670742554,0.8090684736329419
0.65,0.19249999999999998,0.1575,0.807042588627171,0.8120905757465707,0.809061783474931
0.30000000000000004,0.38499999999999995,0.315,0.8064823641563393,0.8129262601832372,0.8090599225670985
0.65,0.20999999999999996,0.14,0.8068506184586108,0.8123243895836378,0.8090401269086216
0.9,0.04999999999999999,0.04999999999999999,0.8080038113387328,0.8105930114555444,0.8090394913854575
0.8,0.15999999999999998,0.03999999999999998,0.8071428571428572,0.8118687637604555,0.8090332197898964
0.75,0.1625,0.0875,0.8071343638525564,0.811879876585411,0.8090325689456983
0.6000000000000001,0.25999999999999995,0.13999999999999996,0.8065589353612167,0.8127346750810015,0.8090292312491306
0.8,0.12999999999999998,0.06999999999999998,0.80732635585157,0.8115273777778171,0.8090067646220689
0.2,0.48,0.32000000000000006,0.8061978545887962,0.813184522235207,0.8089925216473606
0.65,0.175,0.175,0.807042588627171,0.8118954345403491,0.8089837269924423
0.7000000000000001,0.17999999999999994,0.12,0.806942463147884,0.8120434573687587,0.8089828608362339
0.1,0.495,0.405,0.8065902578796562,0.8125373113097887,0.8089690792517092
0.9,0.034999999999999996,0.06499999999999997,0.8080038113387328,0.8104005373273122,0.8089625017341646
0.8,0.11999999999999998,0.07999999999999997,0.80732635585157,0.8114011360863208,0.8089562679454703
0.9500000000000001,0.027499999999999962,0.02249999999999997,0.8080038113387328,0.8103400835595534,0.808938320227061
0.9500000000000001,0.024999999999999967,0.024999999999999967,0.8080038113387328,0.8103071895976847,0.8089251626423135
0.45,0.275,0.275,0.806566738044254,0.8124532983531239,0.808921362167802
0.8500000000000001,0.13499999999999993,0.014999999999999986,0.8071428571428572,0.8115873870325779,0.8089206690987454
0.8,0.09999999999999998,0.09999999999999998,0.807426803142109,0.8111588765022872,0.8089196324861803
0.8500000000000001,0.1424999999999999,0.007500000000000007,0.8070509766555503,0.8117042939511117,0.8089123035737749
0.9500000000000001,0.022499999999999968,0.027499999999999965,0.8080038113387328,0.8102680724538407,0.808909515784776
0.9500000000000001,0.019999999999999973,0.02999999999999996,0.8080038113387328,0.8102502919339116,0.8089024035768043
0.55,0.20249999999999999,0.24749999999999997,0.8068506184586108,0.811973668828037,0.8088998386063813
0.6000000000000001,0.17999999999999997,0.21999999999999995,0.8069507260176149,0.8118229789216381,0.8088996271792241
0.9500000000000001,0.029999999999999957,0.019999999999999976,0.8079122974261201,0.8103796452163956,0.8088992365422303
0.35000000000000003,0.3899999999999999,0.26,0.8059985717686265,0.8132471985679569,0.8088980224883586
0.0,0.55,0.44999999999999996,0.8066746126340882,0.8122301528280138,0.8088968287116585
0.7000000000000001,0.19499999999999995,0.10499999999999998,0.8066587395957194,0.8122492668869377,0.8088949505122067
0.55,0.27,0.17999999999999994,0.8063673081492041,0.8126835560862052,0.8088938073240046
0.6000000000000001,0.19999999999999996,0.19999999999999996,0.8067586863398382,0.8120483470117392,0.8088745506085986
0.0,0.9,0.09999999999999998,0.8048606147248034,0.8148830064014316,0.8088695713954548
0.8,0.10999999999999999,0.08999999999999997,0.8072346501665874,0.8112717828038368,0.8088495032214871
0.75,0.1125,0.1375,0.8072346501665874,0.8112620035178758,0.8088455915071027
0.7000000000000001,0.14999999999999997,0.14999999999999997,0.8069507260176149,0.8116816237882021,0.8088430851258497
0.6000000000000001,0.23999999999999996,0.15999999999999995,0.8063748810656518,0.8125173082248685,0.8088318519293385
0.8500000000000001,0.1499999999999999,0.0,0.8068587758990236,0.811783417264796,0.8088286324453324
0.9,0.039999999999999994,0.059999999999999984,0.8077197998570408,0.8104663252510499,0.8088184100146445
0.9,0.05999999999999999,0.03999999999999999,0.8075273939971415,0.810713474478064,0.8088018261895105
0.05,0.9025,0.04749999999999999,0.8044772564896404,0.8152648430669085,0.8087922911205476
0.9,0.06999999999999999,0.029999999999999985,0.807426803142109,0.8108392716565622,0.8087917905478903
0.9,0.029999999999999995,0.06999999999999998,0.8077197998570408,0.8103440841765375,0.8087695135848394
0.9,0.024999999999999994,0.07499999999999998,0.8077197998570408,0.8103103011886722,0.8087560003896934
0.7000000000000001,0.044999999999999984,0.25499999999999995,0.8076190476190476,0.8104347648281757,0.8087453345026988
0.9500000000000001,0.0,0.04999999999999993,0.8079122974261201,0.8099915853689436,0.8087440126032495
0.55,0.18,0.26999999999999996,0.8067586863398382,0.8117025158991187,0.8087362181635503
0.75,0.1,0.15,0.8071428571428572,0.8111193148454451,0.8087334402238924
0.0,1.0,0.0,0.8042908224076282,0.8153919737844015,0.8087312829583375
0.9,0.019999999999999997,0.07999999999999999,0.8077197998570408,0.8102405126479506,0.8087280849734046
0.9500000000000001,0.017499999999999977,0.03249999999999996,0.8077197998570408,0.8102285107969984,0.8087232842330239
0.8,0.019999999999999997,0.17999999999999997,0.8077106139933365,0.8102316223879862,0.8087190173511964
0.9500000000000001,0.014999999999999979,0.034999999999999955,0.8077197998570408,0.810194283296135,0.8087095932326784
0.9,0.014999999999999998,0.08499999999999998,0.8077197998570408,0.810160944821268,0.8086962578427317
0.55,0.2475,0.20249999999999996,0.8061831153388823,0.8124639666650812,0.8086954558693619
0.9500000000000001,0.034999999999999955,0.014999999999999979,0.8075273939971415,0.8104356538541722,0.8086906979399537
0.4,0.36,0.24,0.8057074910820452,0.8131520727863364,0.8086853237637617
0.9500000000000001,0.03249999999999995,0.01749999999999998,0.8075273939971415,0.8104032044053017,0.8086777181604055
0.4,0.32999999999999996,0.27,0.8058991436726927,0.8128320234276131,0.8086722955746608
0.9,0.009999999999999998,0.08999999999999998,0.8077197998570408,0.8100862666375659,0.8086663865692508
0.1,0.855,0.04500000000000004,0.8041924726060029,0.8153741932644722,0.8086651608693907
0.9,0.08999999999999998,0.009999999999999995,0.8070509766555503,0.8110584165646879,0.8086539526192054
0.8500000000000001,0.11249999999999993,0.03749999999999998,0.8068506184586108,0.8113557957605018,0.8086526893793672
0.8,0.08999999999999998,0.10999999999999997,0.8070509766555503,0.8110441921487448,0.8086482628528281
0.8500000000000001,0.11999999999999993,0.029999999999999985,0.8067586863398382,0.8114486989771312,0.8086346913947554
0.15000000000000002,0.85,0.0,0.8039075530140577,0.8156973542141833,0.808623473494108
0.9,0.0,0.09999999999999998,0.8077197998570408,0.8099675816670393,0.8086189125810401
0.7000000000000001,0.029999999999999992,0.26999999999999996,0.8075273939971415,0.8102534035248993,0.8086177978082445
1.0,0.0,0.0,0.8077197998570408,0.809920018776229,0.808599887424716
1.0,0.0,0.0,0.8077197998570408,0.809920018776229,0.808599887424716
1.0,0.0,0.0,0.8077197998570408,0.809920018776229,0.808599887424716
1.0,0.0,0.0,0.8077197998570408,0.809920018776229,0.808599887424716
1.0,0.0,0.0,0.8077197998570408,0.809920018776229,0.808599887424716
1.0,0.0,0.0,0.8077197998570408,0.809920018776229,0.808599887424716
1.0,0.0,0.0,0.8077197998570408,0.809920018776229,0.808599887424716
1.0,0.0,0.0,0.8077197998570408,0.809920018776229,0.808599887424716
1.0,0.0,0.0,0.8077197998570408,0.809920018776229,0.808599887424716
1.0,0.0,0.0,0.8077197998570408,0.809920018776229,0.808599887424716
1.0,0.0,0.0,0.8077197998570408,0.809920018776229,0.808599887424716
1.0,0.0,0.0,0.8077197998570408,0.809920018776229,0.808599887424716
1.0,0.0,0.0,0.8077197998570408,0.809920018776229,0.808599887424716
1.0,0.0,0.0,0.8077197998570408,0.809920018776229,0.808599887424716
1.0,0.0,0.0,0.8077197998570408,0.809920018776229,0.808599887424716
1.0,0.0,0.0,0.8077197998570408,0.809920018776229,0.808599887424716
1.0,0.0,0.0,0.8077197998570408,0.809920018776229,0.808599887424716
1.0,0.0,0.0,0.8077197998570408,0.809920018776229,0.808599887424716
1.0,0.0,0.0,0.8077197998570408,0.809920018776229,0.808599887424716
1.0,0.0,0.0,0.8077197998570408,0.809920018776229,0.808599887424716
1.0,0.0,0.0,0.8077197998570408,0.809920018776229,0.808599887424716
0.8,0.029999999999999995,0.16999999999999996,0.807426803142109,0.810356975053486,0.8085988719066599
0.9,0.06499999999999999,0.03499999999999999,0.8071428571428572,0.8107774843498086,0.8085967080256378
0.5,0.225,0.275,0.806282722513089,0.8120461244467481,0.8085880832865526
0.8,0.039999999999999994,0.15999999999999998,0.8073350797809002,0.8104547679130959,0.8085829550337784
0.05,0.95,0.0,0.8039075530140577,0.8155702234966904,0.8085726212071108
0.35000000000000003,0.32499999999999996,0.32499999999999996,0.8059061681352703,0.812563537576684,0.8085691159118358
0.65,0.15749999999999997,0.1925,0.8064746488931207,0.8117025158991187,0.8085657956955199
0.15000000000000002,0.46749999999999997,0.3825,0.8058275614998806,0.8126635530012851,0.8085619581004424
0.7000000000000001,0.13499999999999995,0.16499999999999998,0.806574559313959,0.8115149314138669,0.8085507081539223
0.1,0.44999999999999996,0.45000000000000007,0.80622009569378,0.8120327890568011,0.8085451730389884
0.05,0.475,0.475,0.8063052304752806,0.8118981016183384,0.8085423789325037
0.9500000000000001,0.03749999999999995,0.012499999999999983,0.8072432690016679,0.8104738819720196,0.8085355141898086
0.5,0.25,0.25,0.8059914407988588,0.812342170103567,0.8085317325207421
0.9500000000000001,0.012499999999999983,0.03749999999999995,0.8074356530028599,0.8101529435873,0.808522569236636
0.8,0.0,0.19999999999999996,0.8075273939971415,0.8100066988108834,0.8085191159226381
0.0,0.9500000000000001,0.04999999999999993,0.8040991420400382,0.8151377123494157,0.8085145701637892
0.9500000000000001,0.04749999999999994,0.0024999999999999953,0.8071428571428572,0.8105618955456686,0.8085104725039818
0.8,0.009999999999999998,0.18999999999999995,0.807426803142109,0.810120049625431,0.8085041017354379
0.9500000000000001,0.044999999999999936,0.0049999999999999975,0.8071428571428572,0.8105410034347519,0.808502115659615
0.1,0.9,0.0,0.803720486525161,0.815657792557341,0.808495408938033
0.9500000000000001,0.04249999999999994,0.007499999999999993,0.8071428571428572,0.8105161107068513,0.8084921585684548
0.9500000000000001,0.004999999999999993,0.04499999999999994,0.8074356530028599,0.8100662635526457,0.8084878972227743
0.2,0.44,0.36000000000000004,0.8056351480420249,0.8127604568348985,0.8084852715591744
0.7000000000000001,0.11999999999999997,0.17999999999999997,0.806574559313959,0.8113437939095496,0.8084822531521954
0.8500000000000001,0.05249999999999997,0.09749999999999995,0.8070509766555503,0.8106192377224398,0.8084782810823061
0.9,0.004999999999999999,0.09499999999999997,0.8074356530028599,0.8100418153377431,0.8084781179368132
0.9,0.07499999999999998,0.024999999999999994,0.8068587758990236,0.8108935022423458,0.8084726664363524
0.9500000000000001,0.0024999999999999966,0.04749999999999994,0.8074356530028599,0.810025812869807,0.8084717169496387
0.15000000000000002,0.38249999999999995,0.4675,0.80622009569378,0.811848316162537,0.8084713838812828
0.9,0.09999999999999998,0.0,0.8066666666666666,0.8111762125092181,0.8084704850036872
0.75,0.0625,0.1875,0.8069590085795996,0.8107374781799681,0.8084703964197469
0.75,0.025,0.225,0.8072432690016679,0.810304078006697,0.8084675926036795
0.9,0.09499999999999999,0.0049999999999999906,0.8066666666666666,0.8111166477674557,0.8084466591069823
0.8500000000000001,0.10499999999999994,0.04499999999999997,0.806566738044254,0.8112553358229024,0.8084421771557133
0.8500000000000001,0.0,0.1499999999999999,0.807426803142109,0.8099595804330713,0.8084399140584939
0.55,0.22499999999999998,0.22499999999999998,0.8058991436726927,0.8122230406200424,0.8084287024516326
0.9500000000000001,0.039999999999999945,0.009999999999999988,0.8070509766555503,0.8104867728489683,0.8084252951329175
0.5,0.2,0.3,0.8061904761904762,0.8117665257708634,0.8084208960226311
0.9500000000000001,0.04999999999999993,0.0,0.8069507260176149,0.8105818986305888,0.8084031950628044
0.6000000000000001,0.11999999999999998,0.2799999999999999,0.806574559313959,0.8111339837743865,0.80839832909813
0.45,0.24750000000000003,0.3025,0.8059061681352703,0.8121270258124254,0.8083945112061324
0.8500000000000001,0.05999999999999996,0.08999999999999994,0.8068587758990236,0.810697916523126,0.8083944321486645
0.8500000000000001,0.01499999999999999,0.13499999999999993,0.8072346501665874,0.810127606346401,0.8083918326385129
0.30000000000000004,0.35,0.35,0.8056284283329358,0.8125257539718347,0.8083873585884953
0.1,0.40499999999999997,0.49500000000000005,0.80622009569378,0.8116162803774626,0.808378569567253
0.8,0.07999999999999999,0.11999999999999997,0.8066666666666666,0.8109166169182536,0.8083666467673014
0.8500000000000001,0.007499999999999995,0.1424999999999999,0.8072346501665874,0.8100444824157325,0.8083585830662454
0.9,0.08499999999999999,0.014999999999999986,0.806574559313959,0.8110024079269114,0.80834569875914
0.75,0.0,0.25,0.8072432690016679,0.8099715822840233,0.8083345943146101
0.9,0.07999999999999999,0.01999999999999999,0.806574559313959,0.8109592901660834,0.8083284516548088
0.7000000000000001,0.059999999999999984,0.23999999999999994,0.806766738146295,0.8106361292163724,0.8083144945743259
0.8500000000000001,0.09749999999999993,0.05249999999999998,0.8063748810656518,0.8111628771192712,0.8082900794870995
0.8,0.04999999999999999,0.14999999999999997,0.806766738146295,0.8105623400586668,0.8082849789112436
0.8500000000000001,0.08249999999999995,0.06749999999999996,0.8064746488931207,0.8109841828939841,0.808278462493466
0.4,0.3,0.3,0.8054298642533937,0.8125035283219234,0.8082593298808056
0.0,0.5,0.5,0.8059202673669134,0.8117611916148846,0.8082566370661018
0.65,0.06999999999999999,0.27999999999999997,0.8066666666666666,0.810625460904415,0.808250184361766
0.6000000000000001,0.15999999999999998,0.23999999999999994,0.8059985717686265,0.8116122797604786,0.8082440549653673
0.8500000000000001,0.07499999999999996,0.07499999999999996,0.8064746488931207,0.8108903906513583,0.8082409455964157
0.8500000000000001,0.03749999999999998,0.11249999999999993,0.806766738146295,0.8104503227831137,0.8082401720010224
0.75,0.037500000000000006,0.2125,0.806766738146295,0.8104267635942076,0.80823074832546
0.75,0.0125,0.2375,0.8069590085795996,0.8101378301453601,0.8082305372059038
0.65,0.0875,0.26249999999999996,0.8064746488931207,0.8108566076634929,0.8082274324012696
0.9500000000000001,0.009999999999999986,0.039999999999999945,0.8069590085795996,0.810125828294408,0.808225736465523
0.8,0.05999999999999999,0.13999999999999996,0.806574559313959,0.810670356717236,0.8082128782752698
0.9500000000000001,0.007499999999999989,0.04249999999999994,0.8069590085795996,0.8100902672545499,0.8082115120495796
0.8500000000000001,0.02999999999999998,0.11999999999999993,0.806766738146295,0.8103498628455144,0.8081999880259827
0.4,0.27,0.32999999999999996,0.8055224946441324,0.8121999259441346,0.8081934671641333
0.7000000000000001,0.08999999999999997,0.20999999999999996,0.806290207290922,0.8109899615629611,0.8081701089997377
0.1,0.36,0.54,0.8061273336524652,0.8112126625750726,0.8081614652215081
0.65,0.13999999999999999,0.21,0.8059061681352703,0.8115309338818031,0.8081560744338834
0.8,0.06999999999999999,0.12999999999999995,0.806382472017147,0.8108126008766685,0.8081545235609556
0.8500000000000001,0.06749999999999996,0.08249999999999995,0.806382472017147,0.8108010435387146,0.8081499006257741
0.7000000000000001,0.10499999999999997,0.19499999999999995,0.8060981419723678,0.8111824356911933,0.8081318594598981
0.55,0.1575,0.2925,0.8059132093466858,0.8114509215421223,0.8081282942248603
0.75,0.05,0.2,0.8064823641563393,0.8105774535006065,0.8081203998940463
0.75,0.07500000000000001,0.175,0.806290207290922,0.8108601637674788,0.8081181898815448
0.35000000000000003,0.2924999999999999,0.3575,0.8054363376251789,0.8121350270463934,0.8081158133936647
0.8500000000000001,0.08999999999999994,0.05999999999999997,0.8060908874613372,0.8110699739026419,0.8080825220378591
0.15000000000000002,0.33999999999999997,0.51,0.8058415130476418,0.8114358081001826,0.8080792310686582
0.75,0.08750000000000001,0.16249999999999998,0.8060981419723678,0.8109895170499628,0.8080546920034059
0.8500000000000001,0.022499999999999985,0.12749999999999992,0.806574559313959,0.810217842485041,0.8080318725823918
0.7000000000000001,0.014999999999999996,0.2849999999999999,0.8066746126340882,0.8100533726756971,0.8080261166507318
0.65,0.10499999999999998,0.245,0.8059061681352703,0.8110873099095728,0.8079786248449913
0.6000000000000001,0.13999999999999999,0.2599999999999999,0.8057142857142857,0.811366019559461,0.8079749792523558
0.8500000000000001,0.04499999999999997,0.10499999999999994,0.8061978545887962,0.8105405589217537,0.8079349363219792
0.05,0.38,0.57,0.8059273422562141,0.8109379535421686,0.8079315867705958
0.7000000000000001,0.07499999999999998,0.22499999999999995,0.8060057197330791,0.810809489285681,0.8079272275541198
0.65,0.12249999999999998,0.22749999999999998,0.8056217246307765,0.8112820066027961,0.8078858374195843
0.45,0.22000000000000003,0.33,0.8052505966587112,0.8118127551226789,0.8078754600442983
0.6000000000000001,0.09999999999999998,0.29999999999999993,0.8058136764355492,0.810891724190353,0.8078448955374707
0.65,0.05249999999999999,0.2975,0.8061054137848795,0.8104436550881402,0.8078407103061838
0.05,0.4275,0.5225,0.8054493307839388,0.8114140269632695,0.8078352092556711
0.5,0.15000000000000002,0.35,0.8055290753098189,0.8112073284190939,0.8078003765535289
0.1,0.315,0.585,0.8058415130476418,0.8107201421730375,0.8077929646978002
0.5,0.17500000000000002,0.32499999999999996,0.8052443384982122,0.8115029295629148,0.8077477749240933
0.55,0.045,0.40499999999999997,0.8062052505966587,0.8100507055977078,0.8077434325970783
0.15000000000000002,0.2975,0.5525,0.8055555555555556,0.8109415096461543,0.8077099371917951
0.2,0.4,0.4,0.8044933078393881,0.8123875104293862,0.8076509888753873
0.25,0.375,0.375,0.8043998087039694,0.81249686062695,0.8076386294731617
0.2,0.36,0.44000000000000006,0.8046912398276688,0.8120238987968367,0.8076243034153359
0.55,0.09,0.36,0.8056284283329358,0.8106041242805001,0.8076187067119616
0.4,0.24,0.36,0.8047675804529202,0.8118434265195565,0.8075979188795748
0.35000000000000003,0.25999999999999995,0.38999999999999996,0.8047732696897375,0.8118172002526611,0.8075908419149069
0.05,0.3325,0.6174999999999999,0.8056418838154434,0.8104609910950712,0.8075695267272945
0.55,0.0675,0.38249999999999995,0.805727923627685,0.8103276371956032,0.8075678090548523
0.55,0.11249999999999999,0.33749999999999997,0.8053435114503816,0.8108921687033512,0.8075629743515695
0.55,0.135,0.31499999999999995,0.8051514428809922,0.8111655441972606,0.8075570834074995
0.25,0.3,0.45,0.8047846889952153,0.8117145177500709,0.8075566204971575
0.5,0.1,0.4,0.8055356716774039,0.8105778980136047,0.8075525622118842
0.15000000000000002,0.42499999999999993,0.42500000000000004,0.8043998087039694,0.8122692699718579,0.8075475932111249
0.7000000000000001,0.0,0.29999999999999993,0.8059132093466858,0.8099031272822963,0.8075091765209299
0.25,0.33749999999999997,0.41250000000000003,0.8043998087039694,0.8121163575004677,0.8074864282225688
0.2,0.32,0.48000000000000004,0.8046912398276688,0.8116216145334414,0.8074633897099779
0.5,0.125,0.375,0.8051514428809922,0.8109010589633158,0.8074512893139216
0.6000000000000001,0.05999999999999999,0.3399999999999999,0.8053435114503816,0.8103614201834682,0.8073506749436163
0.15000000000000002,0.255,0.595,0.8052631578947368,0.8104325422631846,0.8073309116421159
0.25,0.2625,0.4875,0.8046912398276688,0.8112495571539255,0.8073145667581715
0.55,0.0225,0.42749999999999994,0.8056351480420249,0.8097391019859508,0.8072767296195953
0.0,0.45,0.55,0.8045867176301958,0.811201549750117,0.8072326504781644
0.35000000000000003,0.16249999999999998,0.48749999999999993,0.8049713193116634,0.8106036797675018,0.8072242634939988
0.6000000000000001,0.019999999999999997,0.3799999999999999,0.8054428264502268,0.8098915699443424,0.8072223238478731
0.30000000000000004,0.31499999999999995,0.385,0.803921568627451,0.8121505850013313,0.8072131751770031
0.6000000000000001,0.039999999999999994,0.35999999999999993,0.8052505966587112,0.8101400527103514,0.8072063790793673
0.45,0.1375,0.41250000000000003,0.804778972520908,0.810842827760548,0.8072045146167639
0.45,0.19250000000000003,0.35750000000000004,0.8042959427207638,0.8114695910880478,0.8071654020676774
0.45,0.16500000000000004,0.385,0.8044879446168537,0.8111242044884255,0.8071424485654823
0.0,0.35000000000000003,0.6499999999999999,0.8050645007166747,0.8102165089460464,0.8071253040084234
0.65,0.034999999999999996,0.315,0.8050584586017657,0.8102231766410198,0.8071243458174674
0.30000000000000004,0.27999999999999997,0.42,0.8040201005025126,0.8117607471018864,0.8071163591422621
0.6000000000000001,0.07999999999999999,0.31999999999999995,0.8047675804529202,0.8106356847033743,0.8071148221531018
0.35000000000000003,0.22749999999999995,0.4225,0.8042024832855779,0.811407359268296,0.8070844336786651
0.05,0.28500000000000003,0.6649999999999999,0.8051637580683719,0.8099386883221545,0.8070737301698849
0.55,0.0,0.44999999999999996,0.8054493307839388,0.8094719496740165,0.8070583783399699
0.35000000000000003,0.19499999999999995,0.45499999999999996,0.8043945545736805,0.8109615127310745,0.8070213378366381
0.5,0.05,0.45,0.8050645007166747,0.8099329096531777,0.8070118642912758
0.45,0.11000000000000001,0.44000000000000006,0.8046856323213005,0.8104889954139594,0.807006977558364
0.2,0.2,0.6000000000000001,0.8048838879578645,0.8101751692372112,0.8070004004696032
0.65,0.017499999999999998,0.33249999999999996,0.804959465903672,0.8100364811817645,0.8069902720149089
0.25,0.15,0.6,0.8050766283524904,0.809843562540534,0.8069834020277078
0.5,0.025,0.475,0.8052568697729988,0.8095497394487061,0.8069740176432817
0.5,0.07500000000000001,0.425,0.804778972520908,0.8102302888489913,0.8069594990521414
0.6000000000000001,0.0,0.3999999999999999,0.8051575931232091,0.8096359749703621,0.8069489458620703
0.1,0.27,0.63,0.8047846889952153,0.8101858375491686,0.8069451484167967
0.2,0.28,0.52,0.8040201005025126,0.8111246490014238,0.806861919902077
0.4,0.12,0.48,0.8044933078393881,0.8103583085924807,0.8068393081406251
0.25,0.1875,0.5625,0.804504072831816,0.8103178579096421,0.8068295868629465
0.5,0.0,0.5,0.8051637580683719,0.8092523602528923,0.8067991989421801
0.45,0.027500000000000004,0.5225000000000001,0.8049713193116634,0.8094257203222008,0.8067530797158784
0.2,0.24,0.56,0.8041187739463601,0.8106663561002518,0.8067378068079168
0.45,0.08250000000000002,0.4675,0.804207506574229,0.8101387191713566,0.80657999161308
0.65,0.0,0.35,0.8043893129770993,0.809829782637589,0.8065655008412951
0.45,0.05500000000000001,0.49500000000000005,0.8043998087039694,0.8097853313377664,0.8065540177574883
0.15000000000000002,0.21249999999999997,0.6375,0.8043113772455089,0.8098951260483284,0.8065448767666367
0.4,0.06,0.54,0.8044933078393881,0.809618194450433,0.806543262483806
0.4,0.21,0.39,0.8032473734479465,0.811452255081117,0.8065293261012147
0.30000000000000004,0.13999999999999999,0.5599999999999999,0.804113848361636,0.8100418153377431,0.8064850351520788
0.2,0.16,0.64,0.8043113772455089,0.8096542000032894,0.8064485063486211
0.4,0.18,0.42,0.8033452807646356,0.811062417181672,0.8064321353314502
0.0,0.4,0.6,0.8035372848948374,0.810672579282227,0.8063914026497934
0.4,0.03,0.57,0.8044933078393881,0.8091825717121707,0.8063690133885011
0.0,0.30000000000000004,0.7,0.804113848361636,0.8096488658473107,0.8063278553559059
0.4,0.15,0.44999999999999996,0.8033452807646356,0.8106961384711331,0.8062856238472346
0.25,0.22499999999999998,0.525,0.8032551460028722,0.8107877081487678,0.8062681708612305
0.30000000000000004,0.175,0.5249999999999999,0.8033492822966507,0.8104832167449825,0.8062028560759834
0.4,0.0,0.6,0.8044986838956688,0.8087380587139439,0.8061944338229788
0.1,0.22499999999999998,0.675,0.8038323353293413,0.8096279737363941,0.8061505906921624
0.30000000000000004,0.20999999999999996,0.49,0.8029650884744142,0.8109148388662606,0.8061449886311527
0.30000000000000004,0.24499999999999997,0.45499999999999996,0.8026819923371648,0.8113344591365869,0.8061429790569337
0.4,0.09,0.51,0.8035372848948374,0.8099946969599311,0.8061202497208749
0.15000000000000002,0.16999999999999998,0.6799999999999999,0.8039262628680871,0.8093843806133657,0.8061095099661986
0.45,0.0,0.55,0.8040152963671128,0.809053662942685,0.8060306429973416
0.05,0.2375,0.7124999999999999,0.8038277511961722,0.8093288164885873,0.8060281773131384
0.30000000000000004,0.10499999999999998,0.595,0.8034474503231984,0.8095626303256547,0.805893522324181
0.35000000000000003,0.09749999999999998,0.5525,0.8032551460028722,0.8097719959478195,0.8058618859808511
0.35000000000000003,0.06499999999999999,0.585,0.8034474503231984,0.8093545982424846,0.8058103094909128
0.2,0.12,0.68,0.8035457594633445,0.8091083380414668,0.8057707908945935
0.35000000000000003,0.032499999999999994,0.6174999999999999,0.8035457594633445,0.8089163084262329,0.8056939790484998
0.35000000000000003,0.12999999999999998,0.5199999999999999,0.8026787849796699,0.8102129528420606,0.8056924521246263
0.25,0.11249999999999999,0.6375,0.8032590462497005,0.809331928079575,0.8056881989816502
0.1,0.18,0.72,0.8033532934131736,0.8090878904435483,0.8056471322253235
0.0,0.25,0.75,0.8033492822966507,0.8090674428456299,0.8056365465162424
0.35000000000000003,0.0,0.6499999999999999,0.8035457594633445,0.8084869088699458,0.805522219225985
0.30000000000000004,0.06999999999999999,0.63,0.8030666027791088,0.809100781320497,0.805480274195664
0.25,0.075,0.675,0.803164708702949,0.808843852807522,0.8054363663447781
0.2,0.08,0.7200000000000001,0.8032629558541267,0.8085646986446354,0.8053836529703302
0.05,0.19,0.76,0.8030666027791088,0.8087642849808392,0.805345675659801
0.15000000000000002,0.1275,0.7224999999999999,0.8029721955896453,0.8088229606966052,0.8053125016324292
0.30000000000000004,0.034999999999999996,0.6649999999999999,0.8030666027791088,0.8086024822494848,0.8052809545672592
0.25,0.0375,0.7125,0.8026852073843203,0.8083339963985556,0.8049447229900144
0.1,0.135,0.765,0.8022057060656916,0.8085095790328553,0.8047272552525571
0.2,0.04,0.76,0.8024958003359731,0.8080490635666924,0.8047171056282608
0.15000000000000002,0.08499999999999999,0.765,0.8023032629558541,0.8082770987347827,0.8046927972674256
0.30000000000000004,0.0,0.7,0.8023032629558541,0.8081384106793357,0.8046373220452467
0.0,0.2,0.8,0.8021082894106373,0.8083957837053093,0.8046232871285061
0.15000000000000002,0.042499999999999996,0.8075,0.8022083533365338,0.8077014544020789,0.8044055937627519
0.05,0.14250000000000002,0.8074999999999999,0.8013419602204649,0.808154413147272,0.8040669413911877
0.1,0.09,0.81,0.8013435700575816,0.807923266388194,0.8039754485898266
0.25,0.0,0.75,0.8013435700575816,0.807881926679359,0.8039589127062926
0.2,0.0,0.8,0.8014405762304923,0.8075076467348521,0.8038674044322363
0.0,0.15000000000000002,0.85,0.80067081935793,0.8078285851195717,0.8035339256625866
0.15000000000000002,0.0,0.85,0.8008637236084453,0.8070858038995347,0.8033525557248811
0.05,0.095,0.855,0.800383877159309,0.8075440968007066,0.803247965015868
0.1,0.045,0.855,0.8,0.807319617736602,0.8029278470946408
0.0,0.1,0.9,0.8,0.8071453686412972,0.8028581474565188
0.1,0.0,0.9,0.7998081994725486,0.8066661836292085,0.8025513931352125
0.05,0.0475,0.9025,0.7996164908916586,0.8068897736673166,0.8025258040019219
0.0,0.05,0.95,0.7996164908916586,0.8065132711578186,0.8023752029981226
0.05,0.0,0.95,0.7987526984888462,0.8062941262496928,0.8017692695931848
0.0,0.0,1.0,0.7976019184652278,0.8058562809464394,0.8009036634577125
