feature,importance
year,11.938184939766181
age_band,10.582158902870118
age,10.410957269946934
age_sq,7.474259599152669
gender,1.1924811342478971
daily_temp_center_error,1.1233712056810556
power_wind_7_vs_30,1.0924269971085685
ndvi_30d,0.9425143251583948
ndvi_90d,0.9382956291546971
power_wind_mean_7d,0.9214938873851818
max_daily_rain_30d,0.883966102727139
power_soilwet_top_mean_90d,0.8597820561579764
power_soilwet_root_mean_90d,0.8589391543528914
precipitation,0.8091279039397865
diurnal_temp_range,0.8002111045241846
power_evap_sum_7d,0.7931262370280232
tavg_30d,0.7745573645926015
region,0.7694042918695307
power_evap_sum_90d,0.7630547247480278
rain_intensity_30d,0.7613257569864874
min_temperature,0.7561490266429092
power_rain_sum_90d,0.7522544922987182
district,0.7384400743349214
location,0.7258725445071871
rain_log,0.7241776886427119
power_rain_7_to_30,0.7146919211941631
max_temperature,0.7122873293190755
power_rh_7_vs_30,0.7045210523536353
rain_30_to_90,0.6963551275285456
power_solar_mean_90d,0.6805727270118074
spatial_cell,0.6772272511167546
rain_7_to_30,0.6698371274647428
longitude,0.6573576203507565
location_primary,0.6553340930500882
power_rain_sum_7d,0.639466997897798
is_working_age,0.6334611603961853
power_rain_log_30d,0.63284558205702
power_soilwet_root_mean_30d,0.6321421851686531
power_solar_mean_7d,0.6184167320689815
lon_sq,0.6116419683647648
temp_7_vs_30,0.6079099471556225
power_rain_sum_30d,0.6037922023105369
power_temp_7_vs_30,0.5975529779988619
avg_temperature,0.5940912333071553
power_evap_sum_30d,0.5913535340642614
power_soilwet_root_mean_7d,0.5888217357663944
rain_extreme_share,0.5887358935481198
power_wind_mean_30d,0.5857592171598088
power_t2m_mean_30d,0.5703915959337568
power_t2m_mean_90d,0.5624062785651752
is_child,0.5583643258029225
power_dewpoint_mean_90d,0.5581756592502224
location_support,0.5538745175787315
power_tmin_max_7d,0.552791757913929
power_tmax_max_7d,0.5343066991254302
rain_sum_30d,0.5337261301204933
power_temp_90_vs_30,0.530246544185407
power_tmin_max_30d,0.5246214316648887
power_t2m_max_7d,0.5220804290843565
ndvi_change,0.5114318385023442
power_rain_30_to_90,0.5101097549023703
power_t2m_max_30d,0.507894870801972
season_sin,0.500668811425709
power_t2m_mean_7d,0.5003620299950797
tavg_90d,0.4950765303566021
power_solar_mean_30d,0.4904592684457557
power_tmax_max_90d,0.4895290323075018
power_rh_mean_7d,0.4867142866021944
power_t2m_max_90d,0.4858371285148264
elevation,0.48358737975309135
date_support,0.48060008041111857
season_cos,0.4764112824598977
rain_sum_7d,0.46689065984840206
power_soilwet_top_mean_7d,0.46640139559862615
wet_heat_proxy,0.46343748184563144
power_dewpoint_mean_30d,0.4605222181663451
lat_lon_interaction,0.45505736382630496
temp_range_mean_30d,0.4541059216554394
rain_sum_90d,0.4454150559912029
tmin_30d,0.44319705448556246
tmax_30d,0.4367721528685021
lat_sq,0.43453730230577603
is_older_adult,0.4326593648887468
week_of_year,0.4300875425067735
power_wind_mean_90d,0.4290558644663232
tmax_tmin_window,0.42756691544706343
is_infant,0.42661976495743537
power_solar_temp_30d,0.41996076220478507
power_tmax_max_30d,0.4100765489295427
power_rh_mean_30d,0.4098335501545887
day_of_year,0.4093004405809523
power_dewpoint_mean_7d,0.40806806924289873
slope,0.4063728684054624
power_moisture_deficit_30d,0.40126948597210194
rain_days_30d,0.39690615927628486
power_temp_range_30d,0.39486162828390003
power_rh_mean_90d,0.3915975150691987
heat_stress_proxy,0.3837522761905678
temp_90_vs_30,0.3820441283403492
power_tmax_tmin_range_30d,0.37719602879898534
tavg_7d,0.3764008567586473
power_tmin_max_90d,0.37554014624863497
power_rh_temp_30d,0.3614137001044505
power_soilwet_top_mean_30d,0.31902494797506875
power_heat_humidity_proxy,0.31799554684193804
latitude,0.3124328359636167
month,0.2976972656635846
quarter,0.19340703870841225
zone,0.08214644724558294
hot_day_share,0.0
hot_days_30d,0.0
age_missing,0.0
